AAA,9
abac,4
abaca,1
baa,10
BB,10
C,28763
caba,1
Canuck,1
cany,3
CAP,3162
carvel,15
carven,87
Cary,53
CAT,2235
Cauvery,2
CB,5
Cher,180
chez,687
chirk,5
Chiron,113
chiton,47
Chou,35
choux,13
chow,40
chowry,3
churl,137
cir,33
cirrus,14
cissus,1
cissy,72
cists,12
CNN,2
Cnut,3
column,1498
Comtist,1
Cons,103
cony,12
coost,1
Cor,508
Corson,2
cott,1
cow,1398
Cox,139
coz,113
cozy,30
CP,451
CR,25
Cressy,15
crisis,1200
crispy,6
Crux,32
Cruz,176
cry,7424
cumulus,9
cur,316
cursory,95
Curtis,261
curtly,73
cut,12369
cutty,3
cuz,8
Cypriot,6
cypris,23
Cyrus,2206
CZ,2
D,76834
dab,52
dah,44
Dan,1177
dap,76
darn,32
Darwin,394
Darwinist,3
Darwinists,6
DAT,1526
dater,1
daud,14
Day,80511
dB,4
DE,73517
decide,1809
decided,4066
Della,1065
DH,3
dhow,23
DI,5714
die,12402
dieb,2
DIN,1548
Dioscuri,21
dirty,1400
dist,21
ditty,130
Diu,45
div,22
Dix,227
dizzy,237
DJ,2
dk,1
DM,3
doest,171
dolt,43
Dom,168
Don,35604
dor,131
DOS,971
dotted,282
Dotty,13
Douro,11
dout,9
doux,100
Dow,130
doxy,17
dozy,50
DP,9
Dr,8070
drey,2
dross,119
drossy,3
drowsy,278
dsos,1
Du,5837
duet,147
dug,926
dumped,38
duo,78
dup,3
Dur,37
durr,16
dusted,53
Dustin,1
duty,9925
DX,18
Dy,117
dz,4
E,18651
Ea,236
ean,7
ear,5295
earn,780
earwitness,1
eat,8254
eaten,2046
Eaton,96
eh,1951
Eli,121
elixir,94
Eliz,10
Elk,1216
ell,71
elm,296
Eloy,3
EM,3825
emesis,2
Emirs,262
emits,37
ENG,206
Eo,154
eon,15
EP,282
epos,53
EQ,2
ER,9518
ere,4676
Erebus,74
Erfurt,150
Eris,32
Eros,189
ESE,167
esprit,299
eths,1
EU,414
Eur,116
Eurus,21
Eustis,7
Ex,1384
Exe,29
exists,1597
exorcism,18
exorcist,13
exp,42
eyebrow,91
Ez,164
F,4047
FA,655
FAA,1
Fan,579
fand,51
far,35063
faro,44
fat,3077
Fates,616
Fauves,3
Fay,233
fec,2
fella,17
fest,29
few,28675
fey,33
fezzy,1
ff,489
fie,623
fiery,1449
fifty,7538
Fin,745
fino,47
finos,3
fir,631
firry,3
first,78871
Fisty,3
fit,6034
fitt,6
fix,2171
fiz,2
fizzy,1
fleme,2
flex,12
Flo,77
floor,4660
flor,56
Florio,75
florist,22
flu,70
Flynn,57
FM,2
fo,213
foe,2883
foists,5
fol,245
Folsom,28
Fon,3
Fons,13
foos,2
for,565532
form,21312
forted,3
fortis,41
fou,82
foxy,41
fozy,1
Fr,1198
fretty,1
frons,9
front,8136
frosty,237
frouzy,7
frowsy,16
frowzy,9
ft,1417
funk,53
funny,796
fur,1154
furn,7
furos,2
furrowy,1
furzy,7
fussy,53
fuzzy,27
fwy,20
FY,181
fys,1
G,5090
gab,35
GABA,6
gamba,7
gan,974
Gand,10
gape,137
gaper,4
gapers,5
gapy,1
gar,227
Garcinia,6
gare,33
garron,9
Garry,48
Garvin,7
Gary,51
gases,108
gaspy,1
gat,410
Gates,3766
gaud,177
gaudy,186
gauze,115
gavel,18
gayer,47
gazer,58
gazon,3
gazons,2
gazy,11
GB,1
GE,87
geck,5
Gemini,43
gemot,1
Gent,256
Geo,88
geom,5
Ger,136
gest,42
get,33125
Getty,43
Getz,1
GeV,5
gey,1
ghi,9
ghost,2479
gie,70
gif,34
gift,3171
giga,1
Gil,73
Gilson,1
gimped,1
gin,332
ginn,68
Ginny,4
Gino,3
giro,28
girt,434
gist,110
git,366
gits,40
giust,1
Gk,8
gl,35
gleby,1
gloved,70
glowed,342
glozed,4
glum,126
glut,105
Glyn,29
Glynn,31
GM,13
GNU,5
Go,60673
goer,22
goes,6290
gor,24
Gorky,12
gorm,14
gorsy,1
Gos,1
Goss,4
gossipy,13
got,23934
gouty,80
Gov,48
goy,1
GPO,1
Gr,421
gram,89
gran,535
granny,110
grans,3
Grant,5436
granum,1
grasp,1460
Grass,4449
grassy,517
gratis,114
gratuity,67
Gratz,34
Gravity,1092
Grawn,4
Gray,2795
Grays,30
Graz,14
grex,3
Grey,3204
Gris,92
grison,2
Grisons,22
Grosz,2
grot,47
Grotius,205
grotto,241
ground,17811
grout,3
grouty,1
groved,3
grow,4276
growl,223
grown,4040
grownup,11
gruffly,84
grum,9
GT,11
GU,28
Guasti,3
Guat,1
gue,7
gump,83
Gunn,71
gunny,6
gup,1
gups,1
Gur,22
gurry,7
Gus,13
gussy,3
gust,228
gusty,47
gut,867
gutty,1
guyot,7
gyp,2
gypsum,42
Gypsy,209
gypsydom,1
H,4310
Hab,68
hah,87
haha,5
hakam,8
Han,1028
hand,50314
handing,343
Hanukkah,2
hap,334
haply,1068
happy,11064
hare,944
harewood,1
harlot,246
Harlow,1
harm,3558
harmonic,42
harmonies,122
harn,2
harns,4
harpist,8
Harpy,31
Harris,356
Harrow,101
Harry,1847
haruspex,6
harvesting,70
harvesttime,2
Harz,14
hash,67
hask,2
hasp,17
Haswell,1
hat,4312
hate,3727
hater,208
haud,162
Havel,11
haver,4
havers,1
havior,1
Haworth,6
Hay,1782
hayfork,1
Haywood,23
Hazel,247
hazer,24
hazy,153
Hb,4
HE,797695
heck,3
hemin,1
hemp,260
henny,41
hent,125
Hero,4353
herry,2
hery,2
hest,98
het,173
Hetty,9
hew,213
hews,32
hex,2
hey,536
heys,1
HF,1
HG,2
hie,407
hieron,5
hies,69
hinny,12
hint,1144
hinted,557
Hinton,11
hipped,11
hissed,164
hist,1989
hists,1
hit,2062
HIV,3
hl,4
HM,101
hmm,3
HO,1953
hoe,234
hoer,2
hoi,14
hoist,134
Holst,3
Holton,5
holts,7
Homs,4
Hon,732
Honor,6990
Honors,1170
Hooks,384
hooky,5
hooly,4
hoon,6
hoop,163
hooved,2
Hopi,4
hopped,119
hor,480
Hormuz,3
horst,3
horsy,1
hort,26
HOs,79
hosp,1
hoss,52
hosted,2
hot,5372
Hotspur,61
hout,14
HOV,11
how,76443
howso,25
hoy,111
HP,4
HR,31
HT,7
HTTP,1510
Huang,15
hub,83
huer,1
Huff,46
huffy,10
hug,235
hugy,6
huhs,1
Huis,16
humf,5
humped,47
humpty,54
humpy,8
Hung,4381
Hunky,1
hunted,796
Huntly,22
hup,9
hurry,1909
Hurst,61
hurt,3651
Hus,22
Huss,61
hussy,105
hut,1272
hwan,12
Hwang,29
hwy,17
hybris,3
Hye,32
hymn,772
hyp,8
Hyrum,1
hyssop,44
I,852142
IA,25
Ian,20
IE,109
Ier,7
IF,180944
ii,14177
iii,8678
IL,11053
ilex,11
ilk,34
illus,3
illy,33
ILO,25
IMF,2
immane,15
IMO,156
Imp,146
impanel,1
impi,31
imply,501
imponderous,2
import,591
imprint,109
IN,1248202
inert,159
Inez,22
ING,407
Inga,26
ingross,3
injurable,1
Inn,2436
input,3
inquiry,1785
INS,112
insanely,25
insaner,2
inspects,12
int,163
intort,1
intro,8
Introit,6
intruder,182
intrudes,12
inturn,2
inured,130
inv,4
invalided,34
Io,1240
ion,63
IOU,21
Ipsus,4
IR,239
IRA,140
Iran,93
ire,366
ireful,19
Iris,384
iron,6325
Irons,352
IRS,76
Irvin,6
Isar,1
ish,40
Isis,239
issued,2367
Issus,212
Isth,1
IT,694264
ita,166
Ital,158
Italy,5174
iterum,43
ITU,1
Iulus,39
Iva,3
Ivan,237
ix,2337
Iyar,1
izar,2
J,5211
jab,10
Jah,10
Jan,410
Jana,6
JAP,24
jape,28
japery,3
Jaques,100
jar,487
jarls,9
Jarrow,8
jasmin,5
jaspis,1
Jat,7
jaunt,38
jaunty,74
javel,19
Jay,130
Jenny,385
Jer,57
Jermyn,156
Jerry,327
Jes,50
jest,1414
jet,324
jetty,73
jeux,28
Jew,2125
Jewry,50
jig,79
Jim,1065
jiminy,5
Jinny,11
JJ,3
Jo,1980
joes,4
Joey,89
jog,77
joist,12
joky,3
Jon,60
Jonas,239
Jonson,1370
jor,1
joss,15
jot,168
jotted,31
jow,4
jowl,59
jowly,1
Joy,9719
joyous,856
JP,3
Jr,81
Juan,504
jug,337
juga,2
jugful,5
Jul,31
jumped,1427
jumpy,6
Jun,44
Jung,48
jungly,11
Juno,613
junto,152
jupons,14
jus,149
just,37648
justed,1
Justin,238
justly,1890
jut,30
jutted,34
K,1168
Ka,299
kaka,2
Kan,147
kanas,2
kang,10
Kano,4
kaolin,12
kaph,2
Kara,66
Karl,384
karn,6
Karo,7
Karol,2
karyokinesis,2
kat,106
Kate,1327
Katy,26
kauri,14
Kay,446
KB,6
kempt,19
Kenny,6
keno,1
Kent,693
Keokuk,67
Kerr,8
Kerry,69
ket,25
Kew,66
kex,2
Key,2503
kg,2
khor,5
Ki,139
kier,3
kilt,27
Kim,19
kink,23
kino,3
kipps,10
Kir,82
Kirk,162
kissed,3635
kissy,1
kist,45
Kit,927
Kitty,1123
kl,1
km,4
kn,1
knew,25726
knot,852
knotty,111
knout,6
knowing,5518
knowingest,3
knowingly,106
knowingness,8
Knox,81
Knt,3
knurly,1
Knut,1
knuts,1
KO,429
koi,3
kon,18
Kona,5
kook,1
Koontz,2
kor,10
KP,6
KR,18
Kra,2
Krak,15
kram,1
kranz,2
Kru,2
Krupp,10
ksar,1
Kt,173
Kumasi,3
Kun,450
Kung,189
kuri,8
kuris,16
Kursk,12
Kurtz,123
kuru,4
Kutuzov,528
kvass,4
kW,1
Kwa,11
Kwakiutl,3
Kwan,52
KY,56
kyar,11
kyars,3
kye,5
L,16642
LA,38855
labda,5
lack,2210
Lacon,6
lacquer,93
lacqueys,16
lacunar,1
lacune,1
lacunes,3
Lacy,87
Ladon,6
ladron,4
Ladson,1
Lady,29075
laer,123
lag,79
lagoon,126
Lagos,29
Lamia,40
LAN,116
Lana,21
Lancing,3
Landing,1504
Lang,265
lankly,1
lankness,1
lanugo,4
lap,884
lapin,45
lapis,64
Lapp,14
lapwing,33
laqueus,1
Lar,78
Lara,24
Lares,45
Largo,71
larns,1
Larose,1
Larry,108
larynx,25
laser,5
lases,2
lash,433
Lat,2149
lately,2746
laten,2
latens,2
latently,1
later,10576
latest,961
latex,1
Latin,3938
Latino,36
Laton,6
latrons,1
Laud,246
Lauds,22
Laue,4
laufs,2
Lauri,1
Laurus,10
laver,66
Lavernia,1
laves,28
lawks,4
lawn,711
lawny,10
lawyer,1403
laxest,2
laxity,95
laxly,3
lay,19327
layer,326
layout,6
laze,1
lazily,152
lazy,684
lazying,3
lazzi,1
lazzo,1
Le,20975
LEM,9
Lenin,49
lenity,111
Lenny,1
Lenox,75
Lent,1297
Leo,1170
lep,30
lept,10
Lepus,14
lerp,1
lest,5266
let,49424
Lett,29
Lev,34
Lew,54
lex,111
LH,2
Lie,7577
lier,21
liers,13
lieu,508
Lieut,175
lift,1830
lig,10
lii,172
lilt,15
Lily,1156
limit,1369
limo,10
limous,1
limped,129
limpid,163
Lin,201
linky,1
Linn,45
lino,7
lint,59
Linus,33
Linz,13
Lion,3459
lipped,61
Lir,7
liri,1
lisp,60
lisped,32
list,4561
listed,522
Lit,2105
Lits,8
Livy,368
lix,131
Lizzy,105
LL,26547
LM,8
Ln,6
lo,7077
loess,7
lofty,2713
log,946
logy,5
Lois,28
Lon,77
look,29743
lookup,1
loom,212
loon,63
loony,2
loop,188
looped,43
loor,6
looted,22
lopped,88
lor,480
lors,54
Lorton,20
lory,33
los,6056
loss,6678
loti,38
lotted,1
lotto,6
Lotty,8
Lou,200
Louis,3854
loup,79
loused,1
lout,73
Low,10509
lowly,483
LOX,2
loyally,124
loys,2
Lr,1
Lt,302
Lu,281
lucidities,1
lucidly,19
Lucien,285
Lucilius,159
Lucio,180
Lucius,735
luff,31
Lug,41
Luigi,373
Luis,146
Lulu,16
lum,10
lummox,1
lummy,2
lumped,19
lumpy,27
lums,2
lunar,295
lunary,3
lung,83
lungi,16
lunt,1
luny,1
Lupus,38
lur,7
lurk,164
Lusk,8
lust,1025
lusted,41
lusty,451
lusus,10
Luth,5
lutist,8
Lutz,8
Lux,46
luxation,3
Luz,119
lvi,172
Lvov,21
lx,125
lxiv,105
lxix,104
lxvi,123
LXX,110
lyart,3
lye,364
lym,3
Lyman,28
lysin,1
M,33076
MA,4159
Mab,87
Maced,2
Maces,41
Mack,68
Macomb,5
Macon,124
macron,4
Macy,8
MAD,4453
madly,401
Mae,266
mag,84
magma,5
magnon,31
magnons,1
Magnum,105
Magnums,1
Magnus,234
magots,3
Magyar,41
manat,4
Manati,1
Mancini,28
manciples,1
mandala,1
mane,343
mangle,66
Mango,89
mangoes,14
mangy,50
mania,187
manipulates,4
Manis,24
manna,251
manned,389
Manning,78
mano,476
manor,344
manos,261
manse,64
mansonry,1
manta,15
Manton,15
manure,299
many,61076
manyfold,1
Manzoni,15
Map,1062
mapped,56
Mar,1074
Mara,29
Marcionists,2
Marco,364
Mare,995
Mariana,129
Marin,42
Marine,628
Mario,33
marish,13
Marissa,3
Maritza,9
Markova,1
marl,32
Marlow,244
marly,15
marm,31
marmot,31
maroquin,8
maror,1
Maros,4
marquess,41
marquetry,4
Marquez,3
marries,213
marrons,4
marrowbone,8
marrowy,3
marry,5375
marshes,513
mart,200
martlet,5
martyr,511
martyry,1
marveling,12
marvelously,49
Marvin,42
Marxism,1
Mary,6744
masc,55
mase,9
maser,1
mases,3
MASH,58
mask,1026
Mason,560
Masonry,224
masque,126
masquer,4
masquers,8
massiest,2
Mast,832
mastless,1
masty,1
mat,512
mate,1530
matelote,14
matelots,4
mater,144
maternally,8
matey,120
math,37
Mathurin,14
matin,238
Matins,82
matron,387
mattin,2
Mattins,3
matts,7
mature,552
maturer,46
matures,8
maturest,10
maty,3
Maud,329
Maui,19
maul,61
mauling,11
maun,55
Maury,25
maut,7
mauve,46
Mavis,44
mawn,8
Mawson,29
mawworm,3
maximum,744
Maxwell,52
Maxwelton,1
May,103298
Mayer,13
mayest,699
mayfly,4
Mayo,73
Mayon,1
mayor,1385
Maywood,2
maze,210
mazer,11
mazily,1
mazurka,49
mazy,30
Mazzini,4
ME,255604
mega,18
melanin,1
mem,360
memo,5
Meno,95
ment,125
meow,6
merk,20
Merry,3982
mess,691
Messias,18
messy,9
met,14641
metal,1549
Metis,32
Metz,139
meu,2
mew,77
Mex,12
MF,5
Mg,11
MIG,8
mikron,1
mil,293
Milano,35
Milton,823
milty,31
mim,25
Mimi,34
Mimir,3
mimsy,4
Mimus,13
Min,252
Minamoto,3
mini,4
mink,12
Minn,12
Minna,23
minny,30
Minoa,12
minor,1620
Minorites,4
Minos,176
Minot,10
minted,13
Minto,11
Minton,1
Mints,32
minty,4
minus,161
minx,52
Mio,467
miri,6
mirky,4
Miro,8
miry,75
misprize,2
missed,1276
missis,246
missus,142
Missy,86
mist,1602
misted,10
Misti,9
mistrustfully,9
mistrustfulness,4
Misty,376
MIT,608
mitt,17
mix,675
mixup,3
Mk,2
ml,1
MM,192
Mme,1144
Mmes,1
MN,14
Moe,63
Moet,17
mog,10
mohurs,1
moist,588
moit,1
molt,8
molto,77
moly,15
mom,7
Momus,16
Mona,39
monist,1
Monk,1905
mono,65
monotony,286
Monson,8
monstrous,1217
mony,78
mook,20
Moon,6225
moony,20
moory,4
mooted,37
mopped,14
mor,373
Moro,111
Morocco,270
Moroni,391
Morris,554
Morrow,6643
Mors,136
Mort,433
Morton,267
mosk,8
mosks,4
Moss,689
mosso,18
mossy,141
motory,1
Mott,21
motto,356
motts,2
motty,43
Motu,29
mou,75
mouls,1
mourns,98
moused,3
mow,156
mown,79
moy,60
moya,3
Mozart,163
MP,3
Mr,61443
MT,147
mucid,2
mucin,1
muff,125
mug,152
muggy,8
mugwort,6
multum,42
mum,213
mummy,237
mump,3
mumped,1
mumps,53
mun,150
munching,65
mung,7
mungo,50
munis,3
Munoz,2
munt,74
muntu,6
murky,144
murmur,1111
Murrow,1
murry,2
musculous,2
Musgrave,58
mush,72
mushy,8
musk,386
musky,30
muso,11
muss,24
mussy,10
must,74118
musty,118
mut,32
mutate,1
mutch,4
muti,5
mutinously,4
mutton,475
muttony,1
muzhik,28
muzzy,2
MV,3
MW,2
MX,1
my,327400
myalls,1
myosin,2
Myron,29
myth,703
mythus,3
Na,1654
nab,56
nackets,1
NAD,127
nae,158
nag,275
nagual,6
Namibia,4
Nan,424
nana,177
Nancy,291
Nanna,45
Nanning,3
nap,244
nape,117
napery,13
napoo,2
nappe,23
napped,5
napper,17
nappes,5
nappy,6
Nara,7
Narcissus,114
nare,6
nares,77
narine,3
narrow,4574
Narrows,136
narthex,7
Narva,10
Narvon,1
nary,14
Nash,45
Nason,1
nasty,389
Nat,333
Nate,56
nationalism,21
Nationalists,6
nationality,281
nationally,20
natl,2
NATO,82
natron,10
natty,17
Nature,23077
naut,10
Nauvoo,18
nav,2
navel,179
naw,10
Naxos,73
nay,6487
Naylor,4
nayword,2
Naze,7
Nazi,12
nazir,14
NE,8455
neck,5786
Nemo,514
Neo,108
neon,14
nep,4
Nepos,79
neps,1
Ness,153
Nessus,42
nest,1319
Net,2905
nett,6
netty,16
neuks,1
neut,53
Nevis,6
New,44690
Newry,31
newsy,2
Nexis,1
next,22306
NF,1
NH,70
Ni,2296
nifty,1
nil,181
nim,149
Nimitz,1
Nimrod,175
nims,2
Nina,189
ninny,56
Nip,82
Nipa,14
nipped,85
Nippur,58
nis,62
nisi,115
nit,15
nitric,37
nitroso,3
nitrous,44
nix,41
nixy,32
NJ,8
NL,6
NM,14
NNW,1
No,200568
Noe,88
nog,50
Noh,4
noirs,36
Nolan,35
nom,490
nomos,8
noms,54
non,6161
Nona,13
nonny,36
nonporous,1
nonsuits,1
nook,232
noon,3982
noosed,8
NOR,43549
nori,2
noris,8
norm,55
Norris,226
Norroy,3
Norton,106
nostoc,9
nosy,15
NOT,444434
nota,82
Noti,4
nott,28
Notus,25
nourriture,18
Nov,503
Novato,1
novum,51
noways,30
nowt,59
nowy,1
Nox,39
noy,5
noyau,6
NP,4
NR,6
NT,171
nth,4
nu,370
nub,13
nudity,43
nuff,58
nuffin,4
Numa,287
numerator,3
nun,614
nuncle,37
Nunn,1
nur,790
nurs,26
Nusku,9
Nut,531
nutant,1
NV,1
NW,4
NY,56
Nym,153
nympha,10
Nyx,2
NZ,38
oaf,15
oar,423
oary,2
OAS,5
oases,39
oast,3
oat,44
oaten,22
Oates,30
oath,3366
oba,3
octagonal,49
octal,1
octavo,85
OE,37
oes,50
OF,2599465
OG,134
OH,21803
oho,81
oi,150
oil,2582
oily,123
ointed,1
ois,4
OJ,11
Ojibwa,4
Ojibway,5
OK,650
oke,18
okes,8
Okla,1
Oley,1
Olga,259
Olla,85
Olson,8
Olton,2
Om,130
omits,112
Oms,1
ON,392194
one,218874
onerous,82
Ong,2
Ono,33
Onslow,7
onst,1
Ont,315
onto,253
onus,35
onyx,92
oo,87
ooh,25
oom,27
oon,69
oons,5
oont,15
oos,3
Oostburg,3
oot,16
oozy,45
OP,558
opium,295
Opp,98
oppos,77
Ops,18
opt,7
Ora,244
oral,168
orally,48
Oran,76
orang,85
Oratory,422
Orbilius,15
Ore,557
Orebro,1
orig,17
orison,33
Ormuzd,29
ornate,67
ornately,1
ornis,2
Orozco,2
Orrin,2
Orsini,69
Orsino,153
ort,21
ortho,8
orthos,1
Orton,13
orts,13
Oruro,1
Orval,1
oryx,9
osar,6
Osborn,13
OSes,3
Osiris,327
OT,53
ottos,7
Otway,14
ou,1154
Oudh,7
oui,442
ouph,2
ouphs,1
our,133807
ourie,1
ourn,21
ours,2645
ous,21
oust,41
ousted,52
out,129713
outa,5
outburns,1
outburst,278
outcrop,8
outcry,347
outfit,270
outflow,21
outgo,25
outgrow,18
outgrown,67
outgrows,3
outgun,1
outpost,81
outpour,16
output,146
outroar,3
outroot,1
outruns,11
outsit,1
outsoar,1
outstart,1
outstay,5
outstayed,4
outstaying,2
outwit,46
outwits,7
ova,56
oval,260
ovary,9
overbear,20
overgrazing,3
overhearing,51
overhears,11
overheating,4
overjoy,6
overplay,1
oversea,6
overstates,1
overstating,3
overstaying,1
overstays,1
overt,69
overwear,1
overwearied,2
ovibos,2
ow,151
owari,5
owe,1892
Owego,6
ower,75
owes,615
owns,888
ows,2
ox,932
oxalis,9
oxy,11
oy,8
oyer,5
oyes,13
oyez,15
Oz,643
Ozan,1
P,23427
PA,350
Pace,2064
paced,438
pacer,11
pack,1392
packet,537
paco,2
pact,111
pactum,3
pacy,1
pad,136
padri,16
paeon,16
paeons,4
Page,4834
pagri,2
pah,91
Paiute,2
pallet,71
pallette,1
pallium,26
pallor,265
Palma,55
Palmae,6
palmettes,1
palmetto,27
palmistry,10
Palmyrenes,1
Paloma,3
Palomar,1
palpitant,6
Pampa,3
Pan,1425
panax,10
Pandit,18
pandy,4
panel,181
pang,392
panged,1
panic,1075
panier,35
panislamic,1
panned,1
panning,3
Pansy,15
panted,206
panton,11
pantoum,3
pantoums,1
Panza,625
panzer,5
paoli,16
pap,128
papa,1881
papaw,15
pape,17
Papen,1
paperwork,282
papery,7
papes,5
Paphos,51
papish,2
papistic,1
papistry,7
Papists,322
papped,1
pappous,1
pappus,11
Papua,13
papulous,1
papyrus,135
par,3221
Para,1967
PARC,31
parceled,7
pard,33
pardy,2
pare,93
pares,39
paring,53
Paris,8180
parish,1266
parity,53
Parks,193
Parl,2
parlies,1
parling,1
parlor,392
parlously,1
parly,7
parol,7
Paron,9
Paros,28
parquet,23
parquetry,2
parries,5
parrot,290
Parrott,27
Parry,221
Parsi,11
parsley,117
parsonic,1
Parsons,190
part,42043
parti,172
Partitur,1
partlet,48
partlets,3
partly,3619
partner,946
partons,3
party,13219
parure,5
parures,5
parve,41
parvenu,40
Pasco,3
pase,21
pases,3
pash,14
pashm,1
passionateness,10
passivity,38
passkey,7
passout,1
passport,298
password,432
past,12266
pasties,31
pasting,10
pastor,459
pastorate,8
pasty,128
Pat,324
Pate,221
paten,4
patens,5
patently,11
Pater,271
paternal,561
paternalistic,6
paternally,25
Paterson,14
path,5250
pathos,412
patin,20
patins,1
Patmos,12
patois,31
Paton,14
patriot,521
patron,1141
patterers,1
Pattison,7
Patton,15
Patty,7
patulous,1
paty,4
paucity,49
Paul,2725
paulin,12
paulins,1
Paulist,5
pave,62
paven,8
paver,1
paves,14
pavior,2
pavis,1
Pavlova,1
Pavo,13
pavone,1
paw,324
pawky,2
pawl,11
Pawling,2
pawn,240
pawning,18
Pax,48
Paxes,1
Paxton,12
pay,10674
payer,63
payor,1
Payson,3
PE,91
pec,7
pecan,2
Peck,172
pegleg,1
Pella,41
Pen,3402
Pena,162
peni,3
penknives,12
Penn,240
Penny,1059
pent,263
pentice,1
pents,2
penury,106
peony,27
pep,11
peplum,5
Pepys,1079
per,8461
periti,1
perk,19
Perks,4
perky,5
Perl,12
Perm,12
perp,1
Perry,118
pert,121
Peru,469
perusing,105
pesky,4
pest,205
pesty,3
PET,762
petal,23
petalous,1
Petty,1176
Peuls,1
pew,247
pf,3
pfui,2
PG,770
Ph,77
phew,23
phi,13
phial,164
Phidian,1
phiz,25
pho,9
phony,4
phos,4
phot,39
photo,53
phylum,2
physis,6
phyton,3
pi,117
pie,677
pieced,44
piet,1
Pietist,6
piety,1163
pig,1008
Pigs,586
pigsty,20
pila,20
pilau,6
Pills,182
Pils,3
pilus,1
Pima,35
Piman,1
pimped,2
PIN,758
pineta,2
pinion,92
pink,921
pinky,11
pinnacle,173
pinny,3
Pinsk,1
Pinson,4
pint,361
pinto,18
pinxit,3
piny,21
pion,2
pious,2081
pip,519
pipa,2
pipi,1
pipit,1
pipped,4
pipy,2
pique,113
piquet,31
pirn,2
Piru,16
pisos,6
piss,55
pissed,28
pisser,11
pisses,1
pit,1588
pitched,1043
Pitcher,268
pitches,36
piteous,437
Pitt,1079
pitted,100
Pitts,17
pium,3
Piute,4
pix,4
pixy,8
Pizarro,31
PK,4
Pl,691
pleb,1
plew,1
plexus,15
PLO,2
plowed,93
ploy,2
plumpy,1
plumy,20
plur,182
plus,2778
Pluto,209
Plutus,43
ply,277
PM,18
Pnyx,8
Poe,391
poesy,121
poet,5862
poh,35
poi,440
poison,1745
poky,16
poly,15
polypus,23
Pom,107
Pomo,15
pomp,957
pompom,3
pompon,4
Poms,3
Ponape,3
pons,22
pontoon,125
ponts,10
Pontus,222
pony,763
poo,56
pook,1
pool,830
poop,187
pooped,3
poor,23317
poorly,338
poorness,16
poort,6
poots,4
pop,453
popped,123
poppy,139
Pori,4
pork,395
porky,1
porous,55
Port,2978
ported,7
portly,142
portrays,42
Ports,987
Portsmouth,251
porty,2
pory,4
poss,13
possum,83
Post,5174
posted,1554
postwar,24
posy,100
pot,1528
potash,132
potato,223
potboy,6
potted,44
Potts,138
pouched,6
poultry,321
poults,6
pour,4990
pouted,41
POW,317
powwow,15
poxy,1
Pozzuoli,5
PP,2082
Prakrit,8
pram,4
prat,11
Prato,40
Pratt,102
pravity,6
prawn,4
praxis,7
pray,8553
prays,270
pref,36
prefix,98
press,3094
presto,136
pretty,9045
prey,2282
Prez,9
prig,55
Primuses,2
prison,4392
prissy,23
Prius,56
priv,2
privity,63
privy,779
proas,5
proc,90
procreating,6
procreator,2
procreators,2
procuration,14
procurations,2
procurator,194
procureurs,4
Procyon,4
Prof,661
Prog,4
promo,553
prompt,1009
promptness,149
pron,39
pronator,1
pronto,22
proprium,10
prosed,1
prosody,56
Prospero,277
prosperous,1088
pross,163
Prost,1
prostitute,144
prosy,37
Prot,6
protects,176
protist,1
proto,32
protocol,70
proton,4
Proust,13
Prov,145
proved,5467
proviso,120
Provo,3
prow,300
prowl,53
proximo,10
proxy,66
Prue,29
prunus,4
pry,141
Psalm,499
psaltry,1
psi,6
psoas,1
PST,9
psych,1
Psyche,141
psycho,4
PT,528
PTA,1
ptosis,1
ptyalism,1
Pu,301
pub,563
publ,16
pudgy,6
puffin,3
puffy,56
pug,37
puggy,4
Pugh,24
puli,1
pull,1679
pulu,1
puma,72
pump,286
pumped,54
Punch,442
Puncheon,21
puncher,12
punches,21
punching,33
punctuating,4
punctuation,696
punctum,7
pundit,22
pundonor,12
pung,2
punk,30
punned,5
punny,1
punt,219
punted,1
puntos,16
puny,193
pup,64
pupa,7
pupae,13
pupil,1055
puppy,206
pur,244
purchaser,180
Purdon,6
purer,322
purest,549
purify,212
Purim,21
purism,6
purist,19
purity,1319
purl,29
purr,34
purred,31
purs,12
purty,11
Purus,17
Purvis,3
Pusey,10
push,1211
Pushkin,27
Pushtu,5
pussy,46
pustulous,1
put,36212
putid,1
Putnam,133
putridly,1
putto,1
putz,2
Puyallup,1
PX,2
pyat,3
Pyatt,1
pye,133
pyes,16
Pym,42
Pyotr,201
pyre,265
pyrene,1
pyro,1
pyrosis,1
pyrrols,1
Python,46
pyx,8
pyxes,2
pyxidium,1
Pyxis,3
Q,1523
qat,7
qi,2
QP,2
Qq,2
QR,29
qt,3
qto,1
qty,1
qu,3362
quag,6
quail,190
quaint,585
quair,4
quais,1
quaky,1
quality,3120
qualm,50
quantity,3480
quarto,184
quartzy,12
quasi,366
quat,3
quats,1
queasiness,2
queasy,16
querist,9
querulousness,12
query,116
questor,1
quims,1
quit,1936
Quito,29
quits,179
quixotry,1
quiz,17
quohog,9
quoif,3
quoifs,1
quoit,33
quorum,136
quot,26
quoted,1305
quotha,16
quotum,2
R,5443
RA,224
raced,150
racer,78
Rachel,529
rachis,1
racial,144
racially,5
racier,1
rack,524
rackers,2
rackety,5
racon,1
racoon,4
racquet,3
racy,39
rad,22
radiant,883
radiantly,58
radii,27
radio,54
radium,48
radius,125
radix,19
Radom,1
radon,1
Rae,18
raft,607
rag,421
rage,3729
raggs,1
ragi,4
ragman,7
rah,20
raia,10
railway,1530
Rajab,13
Rajpoot,5
Rajpoots,2
rallyingly,1
Ralph,3147
rami,17
Ramona,6
ramrod,29
ran,8903
rana,24
ranas,1
ranchos,13
rancorous,51
Randall,142
randan,5
Randy,10
rang,1465
ranged,671
rangy,1
Rank,4724
ranked,400
rankle,25
rankles,9
rankly,8
rankness,20
Ranson,4
ranted,7
ranunculi,4
ranunculuses,1
rap,179
rape,248
raper,4
Raphael,261
rapid,3494
rapine,322
raping,1
rapped,178
rappee,1
rapper,5
Rappist,2
raptor,2
Rapture,670
rapturousness,1
rare,3057
rarely,1787
rarer,171
rarest,220
rarity,226
rase,22
raser,1
rases,3
rash,896
rashly,268
rashness,339
Rask,8
rasp,55
raspingly,3
raspy,3
rastles,2
rasure,6
rate,4735
rater,3
raths,16
rationalism,45
rationalist,28
rationalistic,37
rationality,43
rationalize,4
rationalized,2
rationalizing,3
rationally,86
ratling,7
ratlings,1
Raton,3
ratos,9
ratty,51
ratus,3
raucity,2
rave,131
Ravel,19
raven,499
ravenous,167
raver,2
ravins,7
raw,1001
rawer,1
Rawl,1
Rawlings,1
Rawlins,43
rawly,7
Rawson,4
rax,1
Ray,976
rayon,40
raze,61
razer,4
razes,5
razor,215
razure,2
rec,15
reck,134
reduit,4
reduits,1
reflow,2
reft,143
rego,1
regrown,1
Regt,13
reis,20
relators,3
relies,92
relish,555
reliving,1
reload,20
remiss,84
remit,148
Remus,376
renay,2
Reni,9
Reno,22
rent,2237
reny,6
Rep,79
repass,45
repasses,3
repast,490
repasted,1
repasting,2
repasture,2
repatriation,3
reply,5746
repo,3
repos,51
repost,1
reprove,145
repurchase,12
repurchased,2
repurchasing,3
resin,77
resiny,1
resist,1804
resort,1036
resp,4
rest,19590
restocking,1
resty,11
resurvey,2
retie,1
retire,1685
retort,264
retreat,2993
rets,9
Rev,996
revise,118
reviser,8
revisit,112
revisits,6
revive,538
Rew,15
rewin,1
Rex,138
Reyno,8
rez,20
Rh,3
rhesus,54
rhet,5
rheumy,5
Rhinegrave,24
rhino,5
rho,3
Rhodians,27
rhus,5
RIF,3
rig,157
Riga,44
Rigby,23
rigid,901
rill,115
rim,298
rima,24
Rimini,70
rimu,1
rimy,6
rin,106
rink,13
rins,4
rinse,22
rinsed,27
Rio,481
Rion,4
riotous,146
RIP,223
ripe,1058
ripes,1
ripest,26
riposte,9
ripped,144
ripper,16
ript,6
RISC,15
Risco,4
riser,24
risk,2145
risky,65
Rite,419
Ritner,1
rits,1
ritt,2
Ritter,39
ritters,1
riv,8
rivalry,424
rive,53
rivel,3
riven,92
river,20090
Rivera,5
riverway,1
Rives,15
rivo,9
rivos,4
Rix,24
riz,24
Rizzio,14
RM,9
RN,3
roe,153
roer,1
roily,2
ROK,11
roke,1
ROM,308
Romanes,25
Romani,173
Romanism,30
Romanistic,1
Romanists,39
Romanized,22
Romanizing,3
Romano,129
Romanos,31
Romanov,2
Romany,6
romp,38
romped,11
Ronan,2
roo,14
rooky,1
room,23712
roomy,83
roon,9
roopy,2
roos,14
roost,82
Root,1911
rooted,522
rooty,1
ropy,7
Rory,35
Roscian,2
rosined,1
rosiny,1
Ross,509
Rostov,777
rosy,895
rot,330
Rotan,1
rotatory,11
roti,3
rotis,8
roto,24
rotor,1
rotos,3
rotted,118
rotund,33
rotundity,35
rouche,1
roup,2
roused,1228
rousted,2
rout,923
routed,520
roux,21
row,1727
Rowan,36
rowing,257
Roxane,921
Roxy,1
Roy,595
royalism,15
Royalist,178
royalize,3
royally,141
Royals,41
Royalton,2
royalty,1783
Royston,12
RP,5
rpm,1
RR,5
rt,256
Rte,1
Ru,30
rub,432
Ruby,379
rue,2040
rueful,135
ruff,116
Ruffin,5
Rufus,163
rug,364
ruga,2
Rugby,73
ruggy,3
Ruiz,10
rukh,50
rukhs,6
rum,472
Ruman,2
rummy,74
rumor,320
rumpus,21
run,9990
Runa,2
Rundi,2
rundown,1
runds,2
rung,362
runt,10
ruscus,1
ruse,102
Rush,1968
rushy,10
Rusk,9
Russ,26
Russia,1972
Russo,36
rusted,66
rustic,475
Ruston,2
Rusty,376
rut,66
Ruth,696
Ruthven,52
rutin,2
rutted,18
rutty,4
Ruwenzori,17
RV,4
Rwy,2
Rx,7
Ry,763
rya,1
ryal,9
Ryan,29
rye,272
ryots,15
S,336956
SA,3035
Saba,64
Sabbath,893
Sabbatic,6
SAC,175
Sachs,12
sack,951
sacksful,1
Saco,27
sacque,7
sacra,126
sacred,5300
sacrum,32
Sacs,55
saddens,17
sadder,135
saddest,149
Sadi,3
sadism,5
sadist,3
sadly,1160
Sadr,6
sager,6
sagest,15
sago,43
sagoin,4
saguaro,4
sagum,5
sailor,1888
sailoring,3
sailorly,2
sailroom,2
saintess,3
salaried,31
saliferous,3
sallet,36
Sallis,1
sallow,176
sallowy,1
sallying,48
sallyport,1
salmagundy,3
salmi,6
Salmo,13
salmonella,1
saloon,744
salpa,3
salsa,5
salse,1
saltations,1
saltatorial,1
saltatory,4
salted,173
saltest,2
saltiers,2
saltless,5
saltos,4
saltpetre,46
salue,21
salutary,446
salute,1011
saluters,1
salvation,1630
salvationism,1
Salvationist,11
Salvationists,10
Salvatore,19
salve,127
salved,13
salvete,4
salvo,72
SAM,698
samba,2
Samhita,1
Samian,44
samite,33
samovar,54
samp,12
sampan,4
San,1808
sanatory,4
Sancho,4430
sanctuary,1112
Sanctus,28
sandarac,1
sandarach,1
sanding,6
sandings,1
sandstone,301
sandstorm,4
Sandy,941
sanely,17
saneness,3
saner,20
sanes,2
sanest,13
Sang,2528
sanguinolent,1
saning,6
sanity,122
sanjak,10
sanjaks,3
sank,1889
Sans,1564
sansa,4
sant,36
Santa,622
Santee,13
santon,19
santons,9
Santos,42
SAP,240
sapid,1
Sapir,1
sapling,118
sapor,132
sapota,1
sapped,49
sapper,17
sappy,12
sapwood,1
sar,50
sard,4
Sardinia,224
Sardis,200
sardius,10
sardonic,81
sargo,3
sari,18
sarks,13
sarong,2
Saros,4
sarsnet,2
Sarthe,1
sartor,25
SASE,3
sash,221
Sassoon,1
sassy,7
sastras,1
SAT,15351
sate,449
sates,6
sati,5
satiny,14
satis,101
satrapies,9
satrapy,15
Satsuma,4
saturator,1
Saturn,396
Saturnian,48
Saturnians,1
saturnine,89
Satyr,111
satyra,3
Satyrs,111
sau,28
saucy,233
Saudi,4
Saugus,3
Sauk,7
Saulsbury,10
sault,28
saults,1
Saum,14
saunter,36
Saussure,7
saussurite,1
sauts,3
save,11178
saver,22
savin,12
Savior,222
saviour,646
Savona,11
savor,46
savorous,2
savory,76
Savoy,305
savvy,7
sawfish,1
sawlogs,1
sawn,33
sawpit,2
Sawyer,163
Sax,26
Saxe,96
saxhorn,1
Saxis,12
Saxony,789
Saxton,72
say,62843
sayer,35
Sayers,7
sayest,597
sayons,1
SBA,6
sch,1
schism,294
schist,84
school,7341
schout,8
Schurz,27
sci,21
Scio,15
scion,111
Sclav,2
SDI,6
SEC,413
section,1674
sedater,3
seek,6644
seg,3
Sega,2
sego,7
sei,109
seir,113
seis,102
Seitz,19
Sejanus,156
sel,41
Selim,129
Seljuk,37
Seljuks,6
sella,19
sels,4
Selz,1
Sem,123
semi,576
Seminole,16
semiology,2
Sen,293
Sena,16
senarius,2
Senator,1098
senatorial,123
senatorship,8
Seniors,77
senor,592
sent,24957
sentry,259
senza,134
Sepoy,25
seps,6
Sept,404
septa,16
seq,209
ser,1405
series,3581
serif,1
seriously,2026
serk,3
SERM,9
serous,22
sers,4
serviceability,68
serviceably,4
serviceberry,2
serviceless,3
sess,9
sessa,7
Set,31307
sett,24
Seuss,6
Sevin,1
sew,188
sewn,100
sews,16
Sext,9
sextodecimo,1
Sexts,1
sexy,2
sez,232
SF,127
SG,72
Sgt,26
sh,121
shabbiness,21
shabby,379
Shabuoth,1
she,257295
sheath,355
Sheba,115
Shechem,174
shedders,2
sheen,286
Sheeny,35
shends,2
sher,11
Sheri,1
shet,33
shew,1942
shews,240
SHF,1
Shia,2
shindy,13
shine,1578
Shinto,29
shinty,1
Shires,33
shirk,76
shirty,1
shit,19
shites,1
shoaly,5
shoat,1
shocker,1
shoeless,18
shog,3
shogun,19
shogunate,8
shoo,26
shopboy,3
shopboys,4
shopworn,1
shorty,1
shote,2
shott,35
shotts,2
shouldst,863
shout,1337
shouting,1194
shove,152
Showa,6
shown,5255
showy,126
Shrewsbury,210
shriek,476
shrift,49
shrillness,14
shrilly,75
shrine,635
shrive,48
shriveled,21
shriveling,4
shrivelled,155
shrivelling,7
shrivels,10
shriven,24
shrives,2
shrub,187
shrug,225
shul,20
shun,582
shuns,82
shush,3
shut,4952
Shute,39
shutes,2
shy,763
shyer,11
shyest,9
shyly,155
Si,7010
sickle,143
sicklied,8
sieurs,5
sift,118
sifts,9
Sig,61
sila,11
siliceous,35
siling,6
sill,278
sillinesses,2
silly,1531
silt,46
silty,3
Silurus,4
sim,52
sima,28
simi,3
Simms,43
simper,29
Sims,22
simulate,39
simulated,72
simulating,26
SIN,6339
sinapism,1
sinistrously,2
Sinton,11
sinuous,80
sinus,37
Sion,291
Sioux,213
sip,144
sipped,119
sipper,2
sippet,2
sippets,4
Sir,53155
sire,3268
siri,14
siris,5
Sirius,73
Sisera,81
sises,6
Sisseton,3
sissoo,24
sissy,153
sisted,3
Sister,11218
sistrum,3
Sisyphus,32
sit,7120
site,1110
sits,1233
sitten,32
Sitter,27
sitting,6875
situla,2
situs,7
Sixes,33
sixfold,3
sixte,5
sixth,2049
sixties,25
sixty,3341
sizar,12
sizars,4
size,3980
sizy,1
SK,15
sker,1
skew,5
ski,128
skint,2
skip,243
Skipton,5
skit,23
skivvy,1
skoal,14
skort,1
SKU,3
skuttled,1
sky,5143
skyish,2
slabbing,1
slabby,1
sle,31
sledded,4
slew,2659
sley,2
slided,8
slily,50
slinked,1
slit,230
Sloan,2
sloop,138
slop,246
sloped,127
sloppy,32
slowed,48
slum,48
slur,68
slut,104
sly,539
slyboots,5
slyly,142
Sm,245
smirkers,1
smit,38
smits,3
smoky,198
Smoot,2
smudged,9
smut,23
Smuts,5
smutty,19
Smyrna,158
Sn,179
snit,1
snoop,51
Snoopy,1
snored,61
snorting,117
snot,5
snotty,5
snoutish,1
snouty,2
Snow,5815
snowbound,3
snowcaps,1
snowed,126
snowing,61
snowish,1
snowstorm,29
snowy,783
snub,96
SO,261321
soffits,1
softy,9
sog,141
soh,6
soilure,4
soily,1
soke,2
Sol,500
sola,336
Solano,4
solas,42
Soledad,25
soli,66
solicit,593
soling,2
Solis,55
solum,65
solus,76
som,235
Soma,32
somber,93
somberly,4
somberness,1
sombre,516
sombrely,10
sombres,23
Somnus,23
soms,2
sonant,11
sonar,15
Sonny,22
Sony,1
sook,2
sool,3
soon,30066
soot,153
sooty,69
SOP,80
sopor,6
sopped,8
soppy,3
sori,2
sorority,1
sorosis,2
sorrow,4933
sorry,4363
sort,11349
sorted,71
sorus,2
Soso,1
sot,207
Soto,34
sotted,3
sou,192
souk,1
Soult,48
soums,1
soup,736
soupy,1
sour,468
Souris,37
sourly,40
soused,33
sov,65
sow,667
sowings,4
sowl,2
sowls,1
sown,491
sox,2
sozzly,1
Spearman,36
spearmen,98
spearmint,1
spectacular,43
spectacularly,2
speld,1
spends,150
Sperry,5
spet,5
spew,13
spilt,199
spinney,9
Spirits,4972
Spiro,11
spit,491
Spitz,69
splay,18
splicer,1
splint,8
spoon,475
spoonful,93
spoony,6
spoor,19
sporiferous,1
sport,1694
sportful,9
sporty,5
spot,5864
spotlessness,6
spotting,14
spotty,17
spoutings,8
sprang,2952
sprayer,6
spree,44
springless,3
Springs,1861
springy,35
sprinkle,194
sprit,12
sprout,87
spruce,203
sprucely,5
sprucy,1
spruit,1
spry,28
spun,347
spurling,3
spurn,169
spurt,59
sputum,3
spy,1125
Sq,235
sqq,110
squalor,62
squamous,3
square,3696
squarely,106
squash,85
squashy,7
Squeers,906
squilgeeing,1
squilgees,1
squint,61
squinty,2
squire,2586
squireen,1
squireens,1
squirelings,1
squirely,7
Squires,405
squiresses,1
squirmy,1
squirt,35
Sr,27
SRAM,1
Sri,16
SRO,1
SSE,2
ssh,11
SSS,1
SST,3
Sta,51
stabbing,77
stabling,13
stablish,54
stably,1
staff,2596
stalk,299
stalky,2
stall,332
stamin,1
stamp,898
Stamps,164
stank,26
stanks,2
stap,9
staps,24
star,2859
Stark,406
starkly,6
Starks,1
starosty,2
starry,360
start,5134
stash,3
stasis,5
stat,48
statim,17
statist,5
statists,4
stator,6
status,648
staw,9
stay,8466
stele,51
ster,15
Stern,2242
Sterno,3
stet,8
stets,14
stew,245
stey,1
stg,1
stichomythia,2
stichos,1
stiff,1261
stiffly,188
Stilton,12
Stimson,11
stimuli,21
stimulus,209
stir,1798
stirp,3
stirps,8
stirrup,221
Stoa,9
Stockholm,144
stockhorn,1
Stockton,73
stoically,7
Stoicism,88
stoked,3
Stolypin,4
stond,17
stoned,214
stony,648
stoor,1
stopwatch,3
storehouse,140
stork,86
storm,3932
stormy,707
stot,3
stots,3
stound,17
stounds,2
stoup,24
stoure,2
stoures,1
stoutest,131
stoutish,9
stoutly,330
stoved,2
stowed,210
stown,4
stowp,1
Stoy,2
str,5
straightened,197
straightening,62
straightens,14
straighter,41
straightest,25
straightforth,1
straightforwardness,23
straightly,19
Strang,13
strap,434
strath,21
stratum,121
stratus,18
Straus,26
Strauss,22
strawy,3
stray,477
strayer,1
streaked,134
streamed,329
streamer,27
streaming,504
streamingly,1
strich,1
strigose,1
striking,2757
string,1287
stringless,9
stringy,33
strip,810
stripe,138
stript,61
stripy,1
striver,2
strives,216
strook,37
strop,8
Stroud,1
strout,3
strown,53
strows,6
stroy,4
struck,8484
strum,7
strut,64
Stu,4
Stuart,457
stub,13
student,1319
studiously,114
study,5786
stuff,1644
stuffy,41
stuivers,3
stum,1
stumpier,1
stumpy,42
stunt,27
Sturnus,5
stye,14
stylus,14
Styx,103
suasory,2
suavity,47
sub,1344
subgroup,1
subito,68
subj,11
submit,1998
suborn,24
subplot,1
subsist,336
subsists,83
subsultus,2
subtil,40
subtilty,63
subtly,75
suction,43
suctional,1
Sudbury,11
Sue,1786
suer,2
sues,42
suety,1
Suez,130
suffix,140
Sufi,27
Sufis,27
sugarless,4
Sui,114
suit,3390
suitor,354
sukh,1
Sula,3
sulcus,10
sulfur,5
sulkily,91
sullies,3
Sully,229
sultry,184
Sulu,2
sumac,6
summon,898
sumo,9
sump,21
sumptuous,423
sumptuously,96
Sumy,3
Sun,13762
sunburned,37
sundown,201
sundowner,1
sundry,626
Sung,1394
sunglasses,1
sungod,1
sunk,2122
sunks,1
sunned,18
sunny,563
sunup,5
sup,430
supari,1
supawn,1
supe,23
super,296
superb,510
superioress,10
superiority,1382
superiorly,1
superl,9
superposes,2
supineness,34
supp,22
supplant,117
supplanter,8
supples,1
support,6152
suppressedly,1
suppressing,203
suppression,463
suppressor,1
Supralapsarian,5
Supt,14
Sur,3414
sura,481
Surat,18
surcharge,13
surcoat,58
surdity,1
sure,15700
surer,168
surest,265
surety,316
suretyship,5
surfeit,78
surged,143
surgent,6
surgeon,1027
surger,3
surgery,163
Suring,1
surly,245
surname,277
surprising,1044
surprizes,8
surprizing,23
Surry,7
surtout,171
surtouts,3
surv,3
Susa,106
SUSE,2
Susie,14
Susu,1
susurrous,1
susurrus,1
sutor,26
Sutton,49
sutural,3
suture,12
suturing,3
Suzan,1
Suzann,2
swab,24
swabbing,8
Swabia,75
Swabian,34
Swabians,4
swag,26
swain,162
swallow,1123
swam,612
swami,6
swamp,410
swampy,111
swan,659
swang,6
swank,9
swanky,1
swap,31
swarm,482
Swartz,36
swash,19
swashy,1
SWAT,7
swath,27
Swazi,1
sweating,142
sweatshop,1
sweaty,15
Swift,2734
swiftly,1225
swig,15
swim,832
Swindon,2
Swiss,561
swoon,426
swoonings,4
Swoope,2
swoosh,1
swop,9
swordplay,2
swordplayer,1
sworn,1494
swound,12
swounds,7
swum,45
Sybil,24
sye,1
sym,5
syn,61
synaxis,2
synchronism,7
synchronistical,1
synchronize,5
synchronized,2
synchronizes,1
synchronizing,1
synchronous,7
synchronously,1
synchysis,1
syncretistic,3
syncytium,3
syndic,111
synergy,3
syngnathous,2
synop,1
synura,1
Syr,31
Syracusans,400
Syracuse,644
syren,11
syrens,6
syrinx,16
syrtis,18
syrup,88
syrupy,4
T,79989
TA,826
tabbed,2
taces,1
tacet,1
taches,40
tacho,1
tachos,14
taciturnity,55
Tacitus,736
tack,326
tackety,2
tackey,1
tacky,3
Tacna,5
Tacoma,9
tact,368
Tad,28
Taft,90
tag,93
Tagore,13
tagtail,1
Taif,3
tailing,8
tailor,876
tailoring,34
Taintor,3
Taiping,1
taker,94
taki,31
takis,3
talapoin,1
taler,1
talers,10
tali,52
talipot,11
tall,3725
tallest,144
Tallis,1
tallish,8
tallit,1
tallness,9
tallow,215
tallowy,4
tally,98
tallyho,15
tallying,3
Talmud,126
Talos,8
Talpa,2
tam,331
tamable,1
Tamar,89
tamarix,2
tamine,1
taming,115
tamp,1
Tampa,45
Tan,1533
Tana,24
tanas,1
tane,103
Taney,22
tanged,1
tangent,22
tangle,215
tango,11
Tania,1
tanistry,10
tanists,1
Tanka,4
Tankas,2
tanked,1
tanky,1
tanna,6
tannah,1
tanned,115
tannin,5
tansy,12
Tanta,294
Tantalus,50
tantamount,50
tantivy,5
tanto,859
tantony,2
Tantra,3
tantrum,14
Tanya,28
Tao,71
Taoism,30
Taoist,14
tap,425
tapa,18
tape,139
taper,212
tapestried,31
tapestries,102
tapestry,295
tapeworm,20
taping,1
tapir,16
tapist,1
Taplin,3
Tappan,21
tapped,300
tapper,3
taproom,7
tapster,47
tar,399
Tara,156
Tardis,3
tardo,15
tardy,251
tare,56
Tarentum,120
tariff,796
Tarim,2
Tarka,2
Tarkio,1
Tarn,106
tarnish,43
taro,26
Tarots,2
tarred,55
tarrier,1
tarries,23
tarriest,9
Tarrs,1
tarry,703
Tarrytown,9
tarsi,22
tarsia,4
Tarsius,2
Tarsus,115
tart,100
tartlet,3
tartly,31
tartness,17
tash,7
task,3938
tasked,52
tasking,10
taskwork,1
Tasmanian,9
Tasmanians,17
Tass,5
Tasso,185
tasted,868
tastefulness,1
tastily,2
tasty,31
TAT,117
Tate,29
tater,4
tates,1
Tati,2
tatou,1
tattow,6
tatts,1
tatty,23
Tatum,1
tau,27
taunt,162
Taunton,62
Taurus,175
tav,8
Tavel,3
tavern,862
taverna,3
taverners,1
taw,24
tawnier,1
tawny,209
taxer,1
taxes,2285
taxi,69
taxidermy,3
taxiing,1
taxor,1
Taxus,4
tay,30
Taylor,664
tazza,5
TB,3
TC,2
TD,2
Te,2112
Tecumseh,61
teil,18
teils,6
tel,246
tela,106
Telamon,116
telos,3
tels,55
temp,486
temporary,1490
tempt,618
tempts,94
tems,2
ten,15036
tenant,407
Teniers,3
Tenn,50
tenny,3
tenor,349
tenour,44
TENS,361
tent,2919
tentations,1
tenty,1
tenuto,8
Tepic,3
tepidity,1
ter,752
Teri,1
term,3880
tern,15
Terr,3
terrify,191
Terry,110
Tertiary,180
Tess,956
Tessa,21
test,1493
testator,64
testiculated,1
testify,456
testy,51
Tet,6
tetrastich,7
tetrastichs,2
Teut,1
tew,3
TeX,14
text,4754
Th,3991
THC,19
the,4638308
Thea,1
theater,392
Theatines,7
theaves,1
Thebae,1
thebaine,1
Theban,156
theeing,1
them,211055
Thermidor,12
Thermidorian,2
Thermos,5
Theron,21
thesis,113
Thespis,52
Thess,17
Thetford,6
Thetis,285
they,334600
Thibet,59
Thibetan,5
thief,1563
thigh,573
thill,6
thine,7015
thing,29791
think,41620
thio,1
thir,28
thirst,1685
thirsty,637
thirty,8066
thistle,122
tho,1021
tholos,14
thon,13
Thor,201
Thorburn,2
thornier,1
thorniest,2
thornless,3
Thoroughbred,62
Thoroughbreds,9
thoroughly,3026
those,75968
Thoth,32
thou,81324
threne,3
thresher,57
threw,5925
thrift,211
thriftlessness,3
thrifty,148
thrill,460
thrilly,1
thrive,329
thriven,42
thrivers,1
thrives,57
thro,735
throb,209
throe,28
throw,4470
throwaway,17
throwing,2024
thru,23
thrum,21
thrust,2540
Thu,36
thuggery,1
Thugs,36
thump,148
Thun,17
Thur,9
Thurgau,5
Thurso,13
Thurston,6
thus,40793
thusly,1
Thuya,1
thy,58440
thymus,4
thymy,5
thyrsus,11
Ti,664
tickled,190
tie,1217
tier,111
tift,2
tig,3
Tigris,363
Tijeras,3
tike,7
Tiki,6
til,618
tilburies,2
tilbury,67
tile,175
tiled,70
tiling,15
Tilly,327
Tilsit,57
tilt,188
tilth,16
Tilton,2
Tim,617
Timaru,2
time,105597
timed,201
timer,1
timing,27
timist,1
Timor,94
timorsome,1
tin,1275
Tina,28
tine,31
tined,4
tinier,1
tink,49
tinker,308
tinned,44
tinny,1
tinsel,65
tinted,176
tinter,3
Tintern,16
tinting,12
tiny,1152
tip,907
tipi,2
tipped,226
tipper,5
tippet,22
tippled,7
tippy,5
tipsily,5
tipstaves,4
tipt,10
tiptoe,278
Tiptonville,1
tipup,1
tire,366
tired,2852
tiredly,3
tiredness,18
Tiro,28
tirred,1
Tishri,18
Tissot,13
Tit,532
Titan,150
titbit,7
tite,12
titer,1
tithing,11
tithings,3
titi,16
Tito,21
titter,25
titties,1
tittle,89
titty,21
titubation,3
titupped,1
Titus,1003
Tiu,124
Tiv,6
tivy,2
tizzies,2
tizzy,2
TM,3874
tmesis,3
TN,44
TNT,3
to,1980156
today,2595
toff,10
toffy,8
toft,15
tofts,4
tog,1
toga,103
toil,1630
toison,6
toit,37
toits,24
token,1074
Tokyo,35
tola,10
tole,67
Toledan,3
Toledans,2
Toledo,375
tolling,74
tolly,20
Tolstoy,51
tolt,3
Toltec,8
Tom,9668
tomans,2
Tomas,7
tomato,91
Tomlin,1
Tommy,1348
tomorrow,1808
Tomsk,12
tomtit,6
tomtom,1
tonal,2
tonant,5
Tonbridge,2
toned,152
tong,26
tongued,113
tonguester,1
tonguesters,1
Toni,11
tonic,70
tonicity,1
toning,21
tonk,2
tonnage,200
Tonto,28
Tony,604
too,49299
took,41760
tool,425
toom,5
tooms,1
Toons,2
toot,22
tooted,11
top,6628
topaz,68
topazes,10
topcoat,3
Tophet,21
topi,2
toping,9
topmost,206
topo,1
topped,207
topsyturvy,3
tor,144
Torah,525
Torbay,7
torcs,1
tori,4
toric,7
torii,6
torn,2112
toro,59
Toronto,46
toros,17
torose,1
Torot,1
torpedo,149
torpid,104
torpidly,2
torpor,100
torso,40
tort,65
torturous,5
torturously,1
torus,2
Tory,407
tosh,7
toss,431
tossed,927
tosspot,2
tost,54
tot,163
total,3341
totalitarianism,7
totality,156
totalizator,1
totalizer,1
totanus,5
toting,1
Toto,281
totted,4
totty,2
touched,3964
touches,718
Touchet,3
touchiest,1
touchily,3
touchy,37
tougher,32
toughest,45
toughly,1
toughness,27
toughy,3
Toul,9
toun,68
toured,8
tourney,146
Tours,353
toused,2
tout,1946
touted,2
towhee,1
towny,2
towy,11
toxic,16
toxicity,1
toxin,4
toy,299
toyish,4
Toynbee,6
tr,225
Tract,744
tractor,2
Tracy,130
tragi,34
tragus,5
trail,931
train,4391
trait,267
tram,92
tramp,415
Tran,3
trank,1
transl,25
trap,1114
trapt,7
trash,165
trashy,14
trat,9
Travis,9
trawl,25
tray,495
treasonably,7
treasured,161
Treasuries,100
Treasury,2541
treaties,882
treatings,1
treatment,2100
treaty,4353
trendy,1
tressy,1
tret,5
Trevino,1
Treviso,15
Trevor,35
trews,24
Trey,7
tribades,2
tribe,3399
tribesmen,60
tribeswomen,1
tribunician,7
tribunitian,24
tributaries,213
tributary,312
tribute,1512
tricksy,26
tricky,50
Tricolor,13
Trident,81
triduum,2
trig,9
trigo,25
trigon,6
trim,879
Trinculo,89
triones,4
triple,422
Trippe,2
trippet,2
tripsis,1
trismus,1
tristful,7
Tristram,2442
Triton,87
triunity,1
troad,17
troat,3
trochus,1
trog,2
Troilus,775
trois,361
tromp,15
tron,2
tronc,13
Troon,1
troop,1162
trop,471
troppo,82
trot,770
Trotsky,11
trotting,204
Troup,2
troupe,62
trouse,1
trouses,2
trout,246
trouveurs,1
trowed,16
Troy,1847
truant,106
truantry,2
truck,151
trucked,2
Truckee,4
truckle,44
true,23397
truer,227
truest,268
truffe,3
truffes,6
truffle,2
trug,5
truism,28
truly,5105
Trump,195
truncated,40
truncates,1
truncating,1
trunnion,15
trunnions,4
Truro,30
truss,77
trusses,30
trussing,7
trusted,1519
trusteeship,7
trustful,66
trustfully,11
trustier,8
trusties,1
trustiest,18
trustingly,11
trying,4732
Tryon,13
tryout,1
tryst,54
tryste,5
trysted,2
trysting,40
tryworks,1
tsar,149
Tu,2433
Tuan,25
tuath,1
tubful,1
tubulous,2
tucutuco,12
tucutucos,2
Tue,63
Tues,3
tufa,25
tufas,1
tuff,23
tuffs,4
tufty,3
tug,189
tui,29
tuis,24
Tula,24
tulip,67
Tull,7
Tully,55
tum,395
tumbrel,12
tumefaction,2
tumidity,1
tummy,13
tumor,25
tump,2
Tums,1
tumtum,1
tumulary,1
tumuli,35
tumulus,35
tun,147
tuna,6
tunably,1
Tunas,1
tundra,7
tuneless,13
tunelessly,1
tuner,9
tung,62
Tungus,3
tunic,257
Tunica,10
tuning,79
Tunis,182
tunnage,1
tunny,24
tup,14
tupelo,10
Tupi,6
turbary,4
Turco,50
Turcos,33
turd,39
Turdus,11
tureen,30
turfed,10
turfman,1
turfmen,1
turfy,18
Turgenev,9
turgidness,1
Turgot,20
Turin,172
Turing,2
turion,1
Turk,501
Turkess,3
Turkey,704
Turki,3
Turkistan,13
Turkman,14
Turku,1
turmoil,255
turn,14676
turncoat,16
turned,20164
turnout,8
turnpike,99
Turon,22
turps,1
Turton,2
Tuscon,1
tush,147
tushed,1
tushes,10
tusk,70
tusked,19
tusky,9
Tussaud,7
tussle,48
tussur,1
Tut,372
tutelaries,1
tutelars,2
tutelary,53
tutor,615
tutoring,9
tutoyer,7
tutti,241
tutty,2
Tutu,9
Tutuila,2
tux,1
Tuxtla,1
TV,12
TVA,3
Tver,20
TWA,57
Twain,1418
twal,3
twang,80
twanky,1
twat,3
tway,61
Twi,3
twig,179
twiggy,6
twill,533
twilled,6
twirly,2
twist,426
twister,7
twisty,4
twit,28
twitch,89
twitcher,2
twitches,11
twitchy,2
twittery,1
twixt,589
two,87687
TX,4
Ty,211
Tyburn,45
Tye,35
tyers,7
tyg,1
Tynan,3
Tyne,49
Tynemouth,13
Tyner,5
typ,5
type,2261
typeset,2
typesetting,2
Typhoeus,16
typhoid,46
Typhon,55
typhoon,28
typhus,40
typical,516
typically,33
typify,16
typing,127
typist,6
typo,8
Tyr,32
Tyre,579
tyring,13
Tyro,34
Tyson,7
tythe,31
tythed,1
tythes,8
tzar,6
U,2795
uds,1
ugh,143
uglier,48
ugliest,67
uglify,1
ugly,1477
uh,57
uhlans,59
UK,61
uke,6
Ukiah,2
UL,87
ule,2
Ulen,5
ules,1
Ullin,3
Ulm,89
Ulmus,2
ulna,6
ulnar,3
ult,27
ultimo,59
um,340
umiak,1
umlaut,5
umm,37
ump,1
ums,3
UN,12426
unabsolved,1
unabsorbed,2
unaccommodated,2
unaccommodating,9
unaccounted,12
unbalance,3
unbalanced,32
unbalancing,1
unbare,1
uncannily,5
uncased,8
uncircumcised,132
uncircumcision,34
uncivil,89
uncleft,1
unclothed,23
uncongealed,2
unconnectedly,1
unconstant,8
uncontested,14
unconventionality,6
unconventionally,7
unconverted,17
unconvicted,2
uncooled,4
uncorrected,21
uncostly,1
uncounselled,2
uncourteous,30
uncouth,317
uncouthly,8
uncrossed,12
uncrowned,7
uncrowning,1
uncrowns,1
uncrystallized,1
unction,149
uncurable,3
uncut,35
undam,15
undashed,1
undated,26
undauntedness,1
undercut,6
undergo,571
undergrown,2
undermost,13
undern,7
undernourishment,2
underprop,5
undersupply,1
undertow,5
undesirous,1
undevout,5
undipped,1
undisposed,11
undissolving,1
undistinguishing,14
undistorted,2
undivulged,4
undo,337
undotted,1
unearthed,63
unearthly,192
unearths,1
unease,34
uneasy,1348
uneaten,6
unextended,4
unextinguishable,16
unextinguished,22
unfamous,1
unfashioned,5
unfeathered,5
unfits,8
unfitted,86
unfitting,31
unfix,10
unfreed,2
unfulfilled,59
unfunny,1
unfurl,31
unfurls,4
ungird,2
ungirth,1
ungirthed,1
ungot,1
ungual,2
unguis,1
unhazarded,1
unhazardous,1
unheedfully,1
unhinged,35
unhinges,2
unhistoric,5
unhistorical,13
unhurt,135
unideal,4
unimportant,337
unintentionally,91
Unio,4
unis,6
unison,174
unisonant,1
Unit,283
Unities,55
Unity,1962
Univ,34
univalve,2
University,3158
UNIX,1
unjoyous,4
unjust,1609
unking,2
unkingly,5
unkiss,2
unkissed,3
unlaw,1
unlawful,390
unlawfully,63
unlay,1
unlicensed,28
unlightened,2
unlink,2
unlinks,1
unlit,17
unliving,6
unlocks,30
unloves,1
unlucky,649
unmaimed,5
unman,23
unmanly,127
unmans,4
unmanufactured,9
unmanured,1
unmarked,42
unmarred,12
unmarry,2
unmasked,54
unmasker,1
unmasking,25
unmastered,1
unmated,6
unmatted,1
unmix,7
unmolested,177
unmoor,14
unmown,5
unmurmuring,3
unmurmuringly,3
unnailed,4
unnaturalized,3
unnavigable,21
unnumbered,78
unobscured,8
unobserved,250
unowed,1
unpacified,1
unpained,1
unpaired,7
unparallel,6
unparalleled,268
unpardoning,3
unparted,4
unpatriotic,27
unpatriotically,1
unpaved,20
unpavilioned,2
unperforming,2
unpiling,1
unpins,3
unpolitic,1
unpope,1
unposed,1
unpunishable,1
unpunished,135
unquiet,120
unravel,107
unravelling,26
unravellings,2
unravels,4
unrefreshed,7
unrefreshing,2
unrepeated,2
unresponsive,12
unresting,39
unrestored,3
unreturned,5
unrhythmical,2
unrifled,4
unrig,1
unrighteously,14
unrightfully,1
unrip,2
unroof,3
unroot,5
unrough,1
unrove,3
unrulier,1
unsaved,1
unschooled,9
unscrew,14
unscrews,4
unscrutinized,1
unseaworthiness,2
unseemly,268
unseen,995
unset,6
unsetting,2
unsew,1
unsex,4
unshed,17
unshod,19
unsifted,5
unsightly,74
unsigned,22
unsisterly,2
unsolders,1
unsophistication,2
unsought,58
unsown,12
unstop,4
unstratified,10
unstringed,1
unstripped,1
unsuccessful,636
unsuccessfully,93
unsuccessfulness,1
unsullied,83
unsummoned,5
unsung,23
unsunny,1
unsuppressed,4
unsurmountable,6
unsurprised,2
unsurprising,1
unswear,3
unsworn,2
untaxed,10
untenanted,52
untethered,3
unthreatened,3
unthreatening,1
unties,8
untinned,1
untipped,1
unto,23971
untorn,3
untowardness,2
untreasured,1
untreated,3
untrod,14
untruisms,1
untruly,13
untruss,19
untrustful,2
untrustworthiness,2
untrustworthy,59
untrusty,1
untuck,2
unturn,1
untutored,71
untwining,1
untwist,9
untwisted,9
untwisting,5
untwists,2
untying,39
unused,206
unvanquished,19
unwaning,3
unware,7
unwariest,1
unwarily,27
unwariness,1
unwarlike,64
unwarrantably,10
unwary,88
unwashed,58
unweighted,1
unwell,238
unwept,21
unwet,3
unwillingly,283
unwillingness,165
unwinnowed,1
unwise,313
unwiser,3
unwish,2
unwist,10
unwit,1
unwitnessed,4
unwitted,1
unwittingly,154
unwittingness,1
unwitty,1
unwon,1
unworn,10
unwove,1
unyielding,92
unyoke,10
unyoked,18
unyokes,1
unyoking,3
up,122663
upbraided,122
upbraidingly,2
upbraids,36
upcaught,1
upcurled,4
upcurling,2
update,1
updated,75
updating,2
upgrow,2
upheld,251
UPI,1
uplift,129
uplight,1
uplighting,1
upmost,5
upo,24
Upolu,2
upped,5
uppish,11
uppity,1
upright,1420
uprighteously,1
uprightly,61
uprisal,2
uprises,5
uprist,6
upriver,2
uproots,6
uprose,87
uprush,5
uprushed,1
uprushes,2
uprushing,2
UPS,96
upsee,9
upsettings,1
upshot,108
upside,224
Upson,1
upspring,2
upsprings,9
upstirs,3
upsurge,1
upswung,2
upthrow,1
upties,2
uptight,1
Upton,98
uptore,4
uptorn,10
uptown,5
upturn,11
upturning,6
UPU,1
upwhirl,1
upwind,1
Ur,72
Ural,22
Urals,6
Uranus,80
urari,1
urb,9
urbs,20
urchin,130
urd,2
Urdu,11
ure,27
urea,6
ures,2
Urfa,2
Uri,78
Uriah,284
uric,5
Urich,1
Urim,38
URL,2
urmans,1
urn,298
urs,5
Ursina,1
ursine,3
Ursula,1032
Ursus,4
Uru,6
urubu,1
USA,92
use,20522
useful,3640
useless,2404
user,19
Ushant,6
Ushas,3
Usk,35
USMC,1
USN,1
USO,64
USSR,9
ustulation,1
usu,40
usual,7014
usurer,126
usuriously,1
usurp,189
usurpation,263
usurped,308
usurper,334
usurpingly,2
usurps,34
usury,281
UT,984
uta,100
Utah,417
utas,3
Ute,26
uteri,2
uterus,39
utmost,3119
Utraquist,1
utter,2543
uttermost,345
utters,152
Utu,9
UV,21
UVA,3
uvas,3
Uxmal,2
Uygur,1
Uzbek,4
UZI,8
UZIs,6
V,10396
VA,762
vacancies,131
vacant,942
vacantly,78
vacation,215
vacatur,1
vacua,6
vacuolar,1
vacuolated,1
vacuole,2
vacuolization,2
vacuous,22
vacuously,4
vacuum,135
Vada,39
vade,27
Vader,5
Vadis,15
vae,8
vaes,2
vagary,18
vagi,2
vagitus,3
vagrant,126
vagrantly,1
vaguely,531
vaguer,6
vailing,11
vainglory,50
vainness,3
Vaisya,12
vakils,3
Val,372
Valdez,47
vale,739
valet,606
valete,6
Valetta,5
valetudinarian,22
valetudinarianism,1
valetudinary,4
valid,365
valley,5822
Valmy,26
Valois,127
Valona,4
valor,1122
valorous,112
valorously,6
valse,25
valuation,170
valuator,1
value,7836
valued,772
valuta,1
valvassors,3
valve,117
valved,2
vamose,1
vamp,12
Van,2589
Vance,102
Vancouver,144
vanda,21
Vandal,131
Vandyke,18
Vandykes,1
Vane,98
Vang,7
Vanir,4
vanishers,1
vanishes,154
vanity,2250
Vanna,4
vanner,1
vant,27
vantage,256
vantageless,2
vapid,38
vapor,271
vaporimeter,1
vaporize,5
vaporous,47
vapory,18
vaquero,4
VAR,241
vara,31
vare,1
Varese,2
variance,343
variation,860
varicolored,3
varicose,4
varicosis,1
varied,1239
varietal,1
variorum,23
variously,336
Varna,31
Varro,297
VArs,1
varsal,4
varsity,7
Varuna,15
vary,637
varying,747
vas,166
vascular,19
vase,424
Vasquez,8
Vass,1
vassalage,63
vaster,54
vastest,13
vastly,318
vastness,115
vasty,17
VAT,89
vau,14
Vaucluse,8
vault,690
vaulter,2
vaulty,5
vaunt,120
vaunter,7
vauntful,1
vav,2
vaws,2
VAX,1
vb,2
VD,1
Veda,120
veering,38
veg,18
Vega,85
Vehm,1
veil,1845
vein,611
veiny,3
vel,234
Vela,60
velour,31
Ven,81
vena,32
Venables,3
venation,2
venator,2
venatorial,1
Venice,1365
Venlo,7
Venn,197
venous,19
vent,738
ventiduct,1
ventilated,32
ventilating,11
ventilation,75
ventilator,37
Ventura,181
venturi,32
Venus,1266
veracious,65
verbarian,1
verbatim,71
verier,4
veriest,60
verify,170
verite,19
verites,2
verity,100
verjuice,9
Vermont,487
vermouth,6
Vern,13
Vernon,976
verruca,1
verry,876
vers,462
versify,5
versifying,38
verst,1
versus,80
verticity,1
verts,13
vertu,60
Very,102793
vest,403
Vesta,85
vestiary,1
vestigia,56
vestry,92
Vesuvius,76
vet,92
vetchling,1
veto,228
vetoed,28
vettura,4
vetturino,7
vex,438
vexillary,1
vexillum,6
vexing,57
vext,49
vezir,29
vezirs,15
VG,1
viable,5
vicar,615
vicarial,1
vicariate,1
vicarship,1
vicinities,1
vicinity,844
victories,922
victory,5503
victrix,17
Vida,475
viduity,1
vier,6
vies,27
view,12463
vig,14
viga,4
vigil,144
Vigo,50
vii,3301
viii,2992
vil,49
Vila,1
vilayet,26
vilayets,2
vile,1302
viler,48
vilify,24
vill,67
villi,8
villous,7
vim,43
vin,238
Vina,18
vinal,1
vinasses,1
vinedressers,8
vinery,2
Vining,7
vinous,22
vins,7
Vinson,5
vint,67
Vinton,7
viny,3
viol,75
violin,264
VIP,2
Viper,154
viperous,7
virelay,3
virelays,3
vireo,2
virgule,3
viridity,1
virile,61
virtu,12
virtual,104
virtualities,1
virtuality,2
virtue,7035
virtuosa,6
virtuosas,1
virtuose,3
virtuosi,17
virtuosic,3
virtuoso,76
virtuous,1716
virtuously,55
virulency,1
virulent,92
virulently,9
virus,630
viruses,7
Visconti,43
viscosity,5
viscount,317
viscounty,1
viscous,28
viscously,1
vise,33
Visigoth,10
visionary,249
visionless,1
visit,7039
visite,88
visiter,47
visiters,7
visites,26
visitor,1068
visive,1
visnomy,3
visor,107
visto,352
vistos,4
vita,385
vitalities,1
vitals,293
vite,137
vitelli,40
vitellus,1
vitesse,8
vitex,2
Vitim,1
Vito,5
vitreous,16
vitrics,1
vitrify,2
Vitruvius,59
vittles,28
Vittoria,829
vituperated,3
Vitus,21
Viv,6
vivacious,114
vivacity,405
vivat,16
vive,322
vively,7
viver,15
Viverra,2
vivers,14
vives,22
vivid,968
vivider,2
vividest,1
vividly,424
vividness,103
Vivien,62
Vivienne,4
vivific,1
vivified,26
vivifies,6
vivify,18
vivifying,36
vivisepulture,3
vivo,103
vixen,46
vixenly,2
viz,1141
vizier,578
vizierate,6
vizir,9
vizor,44
VJ,7
vlei,1
vo,23
voc,34
Voca,2
vocal,276
vocalism,2
vocalist,18
vocality,1
vocally,7
vocational,46
vociferate,15
vociferous,48
voe,13
voes,1
voice,19828
voided,54
vol,5075
vola,7
Volans,19
Volant,22
volante,6
volar,15
volary,7
volas,61
volatility,15
volatilize,4
volatilized,7
volatilizes,1
volcano,399
volens,22
volet,8
volets,26
Volga,77
volition,180
volitive,1
Volos,1
vols,990
volt,120
volti,10
voltigeurs,4
Volturno,2
volubly,39
voluptuous,228
voluptuously,16
volution,4
Volvox,8
vomit,129
vomiting,62
vomito,4
vomitories,1
vomitory,2
vomitus,1
von,1663
VOR,102
voracity,36
vorticella,1
vortices,14
vorticity,1
Vosges,25
Voss,13
votaries,188
votarist,8
votarists,3
votary,71
Votaw,2
voter,80
voting,338
votive,119
vouch,123
vouched,56
voucher,30
vouches,13
voulu,150
Vouvray,1
vow,1418
vowed,705
vowel,194
vowing,99
vox,69
VP,1138
Vries,1
vril,1
vrouw,4
vrouws,1
vrows,2
VT,10
Vul,1
Vulcan,278
vulcanization,1
Vulg,77
vulgo,35
vulgus,17
vulnerabilities,5
vulnerability,16
vulnerary,2
vulturism,1
vum,2
vv,281
W,11467
WA,462
wabster,3
WAC,3
Wace,15
wack,2
wacker,4
wad,238
wada,2
wadder,1
Waddy,82
Wade,216
waded,170
wader,1
wadi,10
wadies,2
wady,92
wae,18
waes,12
WAF,1
wafer,77
waffle,7
waft,96
wafted,213
wafter,1
wag,268
wage,800
wager,479
wagerer,4
wageworker,6
wageworkers,14
wagged,110
waggers,1
waggery,12
waggle,7
waggon,309
waging,113
wagon,850
Wagoner,28
wagonette,25
wagonettes,1
Wagram,44
wagtail,77
Wahabi,3
wahwah,1
waif,47
wailed,222
wailer,2
wailing,606
wained,1
waited,3811
waitress,27
waitresses,9
waived,42
waiving,27
Waka,1
wakeful,161
wakefully,3
waker,33
wakf,1
waking,821
Wald,30
Waldenburg,1
waldgrave,1
Waldorf,12
wale,12
Walers,1
Wales,1178
Walford,2
waling,1
walis,4
walk,7366
walkingstick,2
walkup,3
Wall,7886
walla,4
wallaby,38
Wallace,314
Wallachian,7
Wallachians,9
wallah,20
wallaroo,1
walled,382
wallet,128
Walling,21
Wallingford,27
Wallis,41
wallop,35
wallow,64
wallowings,1
wally,1
walnut,230
Walpurgisnacht,1
walrus,61
Walsh,59
Walston,1
Walt,50
Walton,65
walty,1
waltzer,1
waltzes,44
waly,26
Wampanoag,1
wampee,1
Wana,2
wand,467
Wanda,5
wander,955
wandering,1800
wanderingly,3
wanderlust,3
Wang,99
wangan,1
wanhope,15
waning,191
wanly,13
Wann,7
wanned,1
wanner,2
wanning,1
want,19644
wanted,7910
wanter,43
wantless,1
wanton,756
wantonness,188
wany,1
wap,23
Wapello,4
wapper,1
wapping,54
waps,2
war,29864
Ward,1185
Wardens,70
warder,181
warding,39
wardings,1
wardmote,1
wardrobe,538
warerooms,2
warhorse,13
warily,153
wariness,41
Waring,62
wark,20
warking,1
warks,1
warlord,6
warm,4270
warmed,494
warmest,289
warmish,4
warmly,844
warmness,3
warmth,1199
warn,1438
Warne,13
warned,1345
warns,145
warp,152
warrantee,1
warranter,1
warranties,1794
warrantize,2
warrantor,1
warranty,1246
warred,66
warring,215
Warrington,24
warrior,2159
warst,16
wart,86
warted,1
wartiest,1
warty,4
wary,375
was,705483
wase,1
washbowl,2
washed,1648
washen,9
washes,125
washhouse,9
washin,11
washing,852
Washita,27
washout,7
washpot,2
washroom,1
washstand,27
washtub,7
washy,21
wasm,3
WASP,92
WASPish,26
waspishly,2
wassail,41
wassailing,3
wast,719
wastage,10
wasted,1382
wasteful,193
wastefully,8
wastefulness,30
wastel,12
wastepaper,3
waster,19
wastingly,1
wasts,1
wat,188
watcher,93
watches,498
watchet,7
watchful,507
watchmaking,2
watchman,314
watchword,79
water,28113
watercress,9
watercresses,4
waterers,1
watering,366
waterish,6
watermark,5
watermill,2
waterpot,2
waterpower,2
waterspout,23
Waterville,1
waterway,86
waterworks,24
waterworn,2
watery,440
Watkins,36
Watson,820
Watt,53
watter,2
Watton,2
Watts,45
Waugh,27
waul,1
wauling,3
waur,21
Wauseon,2
waver,120
waverer,10
wavering,375
Waves,3139
wavey,2
wavily,2
wavy,100
waw,16
wawl,1
wax,1224
waxcloth,1
waxed,805
waxen,184
waxes,52
Waxhaw,1
waxwork,14
waxy,25
way,55211
wayfared,1
wayfarer,102
wayfaring,80
waylaid,73
Wayland,14
waylaying,16
waylays,6
wayless,1
waymarks,4
Wayne,61
Waynesboro,20
Waynesburg,1
waypoints,1
wayward,159
waywardly,2
waywode,12
wayworn,8
wazir,1974
Waziristan,2
wazirs,323
Wb,20
WC,1
wd,5
we,245064
webby,1
weck,1
Wed,623
week,5520
weel,161
weels,3
ween,326
weens,8
weeting,21
weft,32
Wei,85
weil,127
weils,2
weir,138
weirdest,4
weirdo,1
Weiss,25
welldoing,1
Weller,14
Wells,601
welly,4
wels,1
welt,64
Welton,2
wem,11
Wemyss,5
wen,102
Wenonah,10
went,50887
Wentworth,97
wept,2775
wert,937
West,13037
wet,2408
wetted,72
wettish,1
wey,53
Weymouth,165
whack,82
whacker,1
whacking,8
wheal,8
wheat,1403
wheaten,52
Wheatley,178
Wheaton,20
wheatsheaf,3
wheatsheaves,5
wheedles,9
wheedlesome,4
wheelbarrow,64
wheeled,426
wheen,11
whelmed,55
whelming,15
whelms,8
whelp,147
whelped,7
whelping,2
when,188003
wherein,3906
whereout,3
whereso,30
wheresoever,143
whereto,426
whereunder,7
whereupon,3314
wherries,9
wherry,27
wherrymen,1
whet,101
whew,58
whey,56
which,378586
whickered,1
whiffed,7
whiffle,12
Whig,468
Whiggery,4
whim,269
whimsy,19
whin,28
whine,109
whinny,33
Whip,1390
Whips,232
whipstock,2
whipt,65
whir,29
whirly,5
whisht,18
whiskey,211
whisky,207
whiss,1
whist,168
whistle,654
Whitefish,3
Whitelaw,7
Whiteley,12
whitened,136
whiteness,429
whitepot,1
whiter,176
whitest,70
Whitey,15
whithers,1
whithersoever,162
Whiting,90
whitish,114
whitlow,2
Whitmer,5
Whitmore,23
Whitsun,16
Whitsuntide,82
whitter,1
Whittier,166
Whittington,143
Whittle,51
Whitworth,26
whity,7
whiz,31
whizz,32
whizzes,3
whizzing,50
whizzings,1
WHO,205193
whoa,30
wholeheartedly,12
wholeness,16
wholly,3652
whom,41408
whomso,20
whooping,65
whoopings,1
whopping,6
whops,1
whoredom,48
whoremasterly,1
whoring,34
whorl,16
whortle,2
whortleberry,4
whose,29527
whoso,930
whup,1
why,33919
wicker,159
Wickliffe,28
Wicklow,81
widow,2527
widower,155
widowhood,118
wields,54
wieldy,3
Wien,18
Wiener,16
wife,28437
wifedom,1
wig,384
wiggy,1
Wight,1063
wightly,5
Wilbur,5
wile,86
wiled,8
Wiles,291
Wiley,14
wilful,307
wilfully,202
wili,4
wilier,1
wiliest,7
wilily,1
wiliness,16
wiling,1
Will,178091
willers,11
Williams,959
Williamsburg,50
Williamsfield,1
Williamson,172
Williamstown,3
willing,3950
Willows,267
willowy,13
willpower,4
Willy,93
Wilmore,51
Wilmot,47
Wilson,949
wilt,5434
Wilton,70
wily,246
wimbrel,1
WIMP,2
wimpish,1
wimpy,1
win,3067
winced,103
winch,67
winches,3
Winchesters,9
winded,123
Windham,31
winding,947
windlassed,1
windlasses,4
windless,51
windlestraw,1
Windows,3026
wined,4
winepress,33
winepresses,10
Winesap,1
winey,2
winged,906
winging,28
winglet,1
winglets,10
Wingo,1
wining,4
wink,462
winker,1
winkings,1
winkled,1
Winn,2
winna,29
Winner,149
winning,1046
winnocks,1
winnow,30
wino,4
Winona,2
winsomely,1
winsomest,3
Winston,14
winterly,2
Winterthur,1
wintertime,11
wintery,3
Winthrop,132
Winton,7
wintriest,1
wintriness,2
wintry,313
winy,5
wipe,499
wiped,663
wiper,6
wiping,367
wire,918
wired,47
wiredrawers,1
wiredrawn,1
wireless,158
wirer,1
wiretap,5
wirier,1
wirily,1
wiring,16
Wirtz,5
wiry,74
Wis,192
Wisc,1
Wisconsin,423
Wisd,2
Wisden,1
Wisdom,5560
Wise,8755
wiselier,3
wisely,996
Wiseman,31
wiser,916
wisest,695
wish,16587
wishing,1541
wisket,1
Wisner,1
wisp,118
wispish,1
wiss,29
wist,378
Wister,5
wisteria,3
wistful,130
wisting,128
wistly,9
wit,4865
witan,4
witched,15
witchery,54
witches,381
witchetty,1
witchlike,3
wite,37
wited,1
with,585805
withdraw,1282
withdrawal,354
withdrawn,917
withdraws,100
withdrew,1559
withed,1
withies,7
within,24666
without,62908
withs,6
withy,17
withywind,1
witing,1
Witness,3564
witnessed,1094
Witnesses,1400
witnessing,159
witney,1
Witt,59
witted,233
Witten,1
Witter,1
wittier,10
wittiest,26
wittily,43
wittiness,3
witting,21
wittingly,38
wittolly,2
witty,561
wive,23
wived,14
wives,2914
wiving,5
wiz,18
wizen,6
wizened,35
wizzes,1
Wm,193
wo,445
woe,3241
woefully,57
woful,150
wok,1
woke,711
woken,8
Woking,69
Wolff,40
wolfkin,1
wolly,1
wolverenes,1
Wolverine,6
wolvers,1
Wolverton,5
wolves,988
wolvish,5
woman,28998
womanish,76
womanize,2
womanized,2
womanizes,1
womanly,249
womby,1
women,18563
won,10093
Wonder,6432
wonderfully,738
wonderstruck,11
Wong,3
wonted,329
wonton,2
woodbox,5
woodcut,59
woodcutter,54
woodcutting,2
wooded,577
wooden,2184
woodenly,3
Woodhull,1
woodier,2
woodiness,1
wooding,13
woodland,337
woodlanders,2
woodlark,2
woodlarks,1
woodless,1
woodlouse,5
Woodman,502
Woodrow,43
woodskin,1
Woodson,6
woodsy,2
Woodville,7
woodwork,73
woody,237
woodyard,1
wooer,121
woof,106
woofed,1
woofer,1
wooing,346
wooingly,3
woolen,103
Woolford,1
woolly,146
woolman,18
woolsack,27
Woolwich,289
woolwork,2
Woolworth,3
wooly,7
woon,9
woos,30
woozy,3
Wop,4
wopped,3
Word,27302
worded,104
Worden,29
wordier,1
wordiest,1
wordiness,4
wording,68
wordless,21
Wordsworthian,2
wordy,54
wore,3480
work,35500
workbasket,9
workbox,6
workday,4
worked,3104
worker,390
workload,2
Workman,661
workmanly,1
workroom,25
workwoman,13
workwomen,4
World,42046
Worlds,818
Worley,2
worm,1022
Worms,666
wormy,17
worn,3004
wornout,7
worried,485
worrits,1
worry,613
worrying,179
worshiped,60
Worshipful,182
worshipfulness,3
worshipped,908
worshipper,138
Worships,239
worst,3461
worsting,5
wort,55
worthier,210
worthiest,141
worthily,215
worthinesses,1
wos,54
wost,36
wot,1123
Wotan,16
wots,29
wotted,50
Wotton,52
would,172141
wouldst,1477
wound,3620
woundy,8
wove,152
woven,470
wow,55
WP,1
wrack,99
wrackful,1
wracking,1
wrang,18
wrap,236
wrappage,1
wrappages,1
wrapt,195
wrath,3415
wrathy,10
Wray,2
wreath,394
wreathed,152
wreathen,14
wreathes,20
wreathing,16
wreathless,1
wreathy,3
wrecked,401
wrecker,8
Wrekin,9
Wren,245
wrest,186
wresting,53
wried,1
Wright,531
Wrights,12
writ,1080
writhed,185
writhings,14
writhled,2
Writings,2170
written,11001
wroke,3
wroot,9
wrothful,2
wrought,2839
wry,126
wrying,3
wryly,2
wryneck,2
wrynecked,1
wt,19
Wu,222
wud,24
wuds,2
wull,15
Wundt,5
wurley,4
wurleys,6
wurlies,1
wurst,9
wuss,15
wuther,2
wuthered,2
wuthering,70
WV,178
WW,1
WWII,4
WWW,637
WY,36
Wyatt,105
wych,20
Wyclif,32
Wycliffism,6
Wye,36
wyle,6
wyn,44
Wyndham,17
wynds,1
Wynn,6
Wynne,10
Wyoming,366
wyte,32
Wytheville,6
wyvern,2
X,2980
Xanadu,4
Xanthippe,9
xanthopsia,2
xanthous,1
Xanthus,95
Xavier,42
xci,81
xcii,55
xciv,55
xcix,42
xcvi,50
xenogeny,1
Xenophon,338
xerophilous,2
Xerox,3
xi,1792
xii,1608
xiii,1524
Ximenes,8
Ximenez,3
Xingu,6
Xiphias,2
xiv,1692
xix,862
XL,353
Xn,1
Xosa,5
XP,1
Xuthus,8
xv,1270
xvi,1235
xvii,977
xviii,1144
xx,1124
xxi,817
xxii,784
xxiii,703
xxiv,698
xxix,504
XXL,1
xxv,642
xxvi,545
xxvii,639
xxviii,575
xxxi,497
xxxii,428
xxxiii,447
xxxiv,385
xxxix,327
xxxv,363
xxxvi,399
xxxvii,349
xxxviii,345
xyloidine,1
xylophagous,1
xylose,1
xystus,8
Y,25783
ya,1014
yack,6
yaffle,3
yaffles,2
yagers,10
Yahveh,4
Yahweh,43
yak,123
Yakimas,5
Yakut,1
Yale,91
Yalta,2
Yalu,1
yam,26
Yama,42
yammered,1
Yancey,6
Yang,64
Yanina,53
Yank,35
yanked,4
Yankee,270
Yankton,5
Yanktons,10
Yao,66
Yaos,1
Yap,31
yapped,2
yar,14
yard,2581
yardarm,6
Yards,3015
yardstick,6
yare,37
yarely,6
Yarkand,11
Yarmouth,88
yarn,198
yarned,1
Yarnell,1
Yaroslavl,11
yarr,1
yarramans,1
yarrow,48
Yat,7
yate,8
Yates,75
Yauco,1
yaup,1
yaw,27
yawed,7
yawl,90
yawn,169
yawningly,1
yawp,5
Yazoo,98
Yb,1
yclad,3
yd,22
ye,27466
yealing,1
year,25825
yeard,1
yearly,588
yearn,159
yearns,49
yeast,27
yeasty,13
Yeats,12
yeh,144
yell,384
yelled,263
yeller,7
yellowest,4
yellowly,4
Yellowstone,67
yellowy,2
yelp,60
yelped,40
yelping,85
yelt,1
Yeltsin,3
Yemassee,7
yen,141
Yenisei,7
yep,6
yer,705
yerba,55
yerbas,22
yerd,12
yerk,5
yerks,1
yeses,2
Yeso,4
yessir,1
yest,6
yester,44
yestereven,1
yesty,4
yet,54917
yett,5
yew,217
yexed,1
Yezd,6
Yezo,69
yfere,15
ygo,1
yield,3061
yielder,10
yielders,5
yill,2
yin,42
yip,3
yipe,1
Ymir,24
yo,2798
yod,17
yode,16
Yoga,28
Yogi,18
yogin,4
Yogis,4
yoho,4
yoicks,3
yok,15
yoke,1159
yoked,124
yoking,13
Yoko,1
Yokuts,2
Yolo,1
yom,6
yomim,1
yon,865
yonder,2395
Yong,311
yoni,7
yonis,1
yonker,2
Yonkers,3
yoops,1
yore,346
Yorick,193
York,5597
yorked,1
yorker,19
yorkers,24
Yorkist,32
Yorkists,16
Yorkshireman,35
Yorkshiremen,5
Yorktown,33
Yoruba,13
Yosemite,25
you,414994
youk,5
younker,13
yourn,43
yourselves,1998
youthful,1309
youthfulness,42
yow,343
yowes,5
yowl,3
yowled,1
yowling,1
Ypres,35
yr,788
Yseult,3
YT,244
yu,273
Yuan,39
yucas,1
Yugas,2
Yugo,3
yuk,1
Yulee,1
yum,200
Yuma,6
Yuman,1
yup,1
Yuri,2
yus,8
Yves,22
Yvette,8
Yvonne,22
ywis,3
Z,1746
za,277
zabras,1
Zach,12
Zacharias,148
zack,7
zaffer,1
zag,40
zagged,2
Zagreb,1
Zagreus,4
Zaire,15
zakuska,1
zakuski,1
Zama,32
zaman,444
zamarras,1
zamarro,1
zambo,1
zamia,2
zamindari,1
zamindars,1
Zamora,11
Zane,1
zanella,1
Zanesville,13
zanies,4
Zante,10
zany,18
Zanzibaris,1
zap,1
Zapata,1
zapateo,1
Zapotec,1
Zapotecan,3
Zapotecs,5
Zara,153
Zaragoza,21
Zarathustra,725
zarf,1
zazen,15
zea,7
zealotry,4
Zealots,126
zealous,759
zebra,58
zebu,4
zebub,4
zebubs,1
Zebulun,69
zecchino,1
zed,4
zee,65
zein,4
Zeitgeist,3
Zeitvertreib,1
zek,1
Zell,5
zeloso,1
zemstvos,1
Zen,498
zenaida,1
zenana,11
zenanas,1
Zend,29
zenith,254
zenithal,1
Zeno,139
zeolite,2
zeolitic,2
Zephyr,143
Zephyrus,25
Zeppelin,15
Zeppelins,1
zero,262
Zest,175
zeta,5
Zetland,1
Zeus,1540
Zeuxis,25
Zibo,62
ziff,2
zig,47
zill,1
Zilpah,21
Zimmerman,11
Zin,18
zines,1
Zingano,1
Zingari,1
Zingaro,1
zinking,1
Zion,342
Zionism,16
Zionist,13
Zionistic,6
ZIP,997
zipper,1
Zippo,1
zircon,3
Ziska,3
zit,16
zither,16
ziz,13
zizit,3
Zizyphus,8
Zn,1
zo,30
Zoar,76
zobo,6
Zoe,229
zoetic,1
Zohar,13
zoic,1
Zola,27
Zollverein,12
Zomba,9
zona,6
zonae,1
zonal,2
zonate,2
zone,468
zoned,9
zoning,2
Zonotrichia,2
zoo,117
zoogametes,4
zoogloeoid,1
zoography,1
zooks,8
zool,35
zoolatry,2
zoologically,1
zoologist,23
zoology,132
zoom,38
zooming,1
zoomorphic,5
zoon,24
zoonomy,1
zoons,4
zoophagy,1
zoosperms,1
zoosporangia,2
zoosporangium,1
zoospore,11
zoothapsis,1
zootheism,2
zootomy,2
zorillo,6
zorillos,1
Zorn,4
Zoroastrianism,11
zos,2
zoster,19
Zostera,2
Zouave,18
Zouaves,15
zounds,96
zowie,1
Zug,12
Zuleika,49
Zulu,46
Zululand,15
Zuni,43
Zunis,15
zupan,1
zuz,4
Zwanziger,2
Zweig,1
Zwickau,23
Zwieback,2
Zwolle,5
Zygaenidae,2
zygoma,1
zygomatic,2
Zygophyllaceae,1
Zygophyllum,2
zygospore,7
zygospores,2
zymotic,3
ZZZ,6
